Workbook

Sheet Instructions
A1: SESSION 15 – PivotCharts + Slicers + Timelines
A2: Task | B2: Ready-to-use practice
A3: 1 | B3: Use IPL_Matches to create a PivotTable/PivotChart showing total matches played by each team.
A4: 2 | B4: Use Venue as a slicer connected to the PivotTable/PivotChart.
A5: 3 | B5: Use Match Date as a Timeline to filter by IPL season/month in desktop Excel.
A6: 4 | B6: Build the Executive Dashboard with Total Wins by Team and Matches Played Over Time. Use the same Venue and Date filters for both PivotTables.
A7: 5 | B7: Use Year_Team_Wins to create a PivotChart of wins by team/year. The top team for each year is highlighted in the summary.
A8: Important | B8: Native Excel PivotTables, Slicers and Timelines are interactive Excel objects. This workbook includes prepared source data, pivot-ready summaries, charts, filter-helper tables, and exact setup instructions.

Sheet Executive_Dashboard
B2: IPL EXECUTIVE DASHBOARD
B4: PivotChart • Venue Slicer • Match-Date Timeline
B6: TOTAL MATCHES | E6: TOTAL WINS | H6: TEAMS | K6: SEASONS
B8: =COUNTA(IPL_Matches!$A$2:$A$65) -> 64 | E8: =COUNTA(IPL_Matches!$J$2:$J$65) -> 64 | H8: =SUMPRODUCT(1/COUNTIF(IPL_Matches!$F$2:$F$65,IPL_Matches!$F$2:$F$65)) -> 8 | K8: =SUMPRODUCT(1/COUNTIF(IPL_Matches!$C$2:$C$65,IPL_Matches!$C$2:$C$65)) -> 4
B11: BAR PIVOTCHART – TOTAL WINS BY TEAM | H11: LINE PIVOTCHART – MATCHES OVER TIME
B30: FILTER SETUP FOR DESKTOP EXCEL
B31: 1. Select IPLMatchesTable → Insert → PivotTable. 2. Add Team 1 and Team 2 to a match-count analysis, or use a prepared summary table for the dashboard. 3. Add Venue as a Slicer. Add Match Date as a Timeline. 4. Create both PivotCharts from PivotTables using the same source/cache, then use Report Connections to connect the Venue slicer and Timeline to both PivotTables. 5. For Year_Team_Wins, put Year in Axis, Team in Legend, and Winner as Values (Count). Use Value Filters/formatting to emphasize the top team.

Sheet IPL_Matches
A1: Match ID | B1: Match Date | C1: Year | D1: Month | E1: Month Name | F1: Team 1 | G1: Team 2 | H1: Venue | I1: City | J1: Winner | K1: Result | L1: Stage
A2: M001 | B2: 44640 | C2: 2022 | D2: 3 | E2: Mar | F2: Mumbai Indians | G2: Royal Challengers Bengaluru | H2: Wankhede Stadium | I2: Mumbai | J2: Mumbai Indians | K2: Win | L2: League
A3: M002 | B3: 44644 | C3: 2022 | D3: 3 | E3: Mar | F3: Mumbai Indians | G3: Punjab Kings | H3: Eden Gardens | I3: Kolkata | J3: Punjab Kings | K3: Win | L3: League
A4: M003 | B4: 44648 | C4: 2022 | D4: 3 | E4: Mar | F4: Chennai Super Kings | G4: Kolkata Knight Riders | H4: Narendra Modi Stadium | I4: Ahmedabad | J4: Kolkata Knight Riders | K4: Win | L4: League
A5: M004 | B5: 44653 | C5: 2022 | D5: 4 | E5: Apr | F5: Delhi Capitals | G5: Kolkata Knight Riders | H5: Rajiv Gandhi Stadium | I5: Hyderabad | J5: Delhi Capitals | K5: Win | L5: League
A6: M005 | B6: 44656 | C6: 2022 | D6: 4 | E6: Apr | F6: Sunrisers Hyderabad | G6: Delhi Capitals | H6: Rajiv Gandhi Stadium | I6: Hyderabad | J6: Sunrisers Hyderabad | K6: Win | L6: League
A7: M006 | B7: 44661 | C7: 2022 | D7: 4 | E7: Apr | F7: Delhi Capitals | G7: Chennai Super Kings | H7: Narendra Modi Stadium | I7: Ahmedabad | J7: Chennai Super Kings | K7: Win | L7: League
A8: M007 | B8: 44665 | C8: 2022 | D8: 4 | E8: Apr | F8: Chennai Super Kings | G8: Rajasthan Royals | H8: Rajiv Gandhi Stadium | I8: Hyderabad | J8: Rajasthan Royals | K8: Win | L8: League
A9: M008 | B9: 44670 | C9: 2022 | D9: 4 | E9: Apr | F9: Sunrisers Hyderabad | G9: Punjab Kings | H9: Narendra Modi Stadium | I9: Ahmedabad | J9: Punjab Kings | K9: Win | L9: League
A10: M009 | B10: 44672 | C10: 2022 | D10: 4 | E10: Apr | F10: Punjab Kings | G10: Delhi Capitals | H10: Wankhede Stadium | I10: Mumbai | J10: Punjab Kings | K10: Win | L10: League
A11: M010 | B11: 44676 | C11: 2022 | D11: 4 | E11: Apr | F11: Kolkata Knight Riders | G11: Royal Challengers Bengaluru | H11: Wankhede Stadium | I11: Mumbai | J11: Royal Challengers Bengaluru | K11: Win | L11: League
A12: M011 | B12: 44682 | C12: 2022 | D12: 5 | E12: May | F12: Punjab Kings | G12: Chennai Super Kings | H12: M. Chinnaswamy Stadium | I12: Bengaluru | J12: Punjab Kings | K12: Win | L12: League
A13: M012 | B13: 44685 | C13: 2022 | D13: 5 | E13: May | F13: Mumbai Indians | G13: Punjab Kings | H13: Narendra Modi Stadium | I13: Ahmedabad | J13: Punjab Kings | K13: Win | L13: League
... A65: M064 | B65: 45796 | C65: 2025 | D65: 5 | E65: May | F65: Punjab Kings | G65: Chennai Super Kings | H65: MA Chidambaram Stadium | I65: Chennai | J65: Punjab Kings | K65: Win | L65: League

Sheet Pivot_Team_Matches
A1: Team | B1: Matches Played | C1: Wins
A2: Mumbai Indians | B2: =COUNTIF(IPL_Matches!$F$2:$F$65,A2)+COUNTIF(IPL_Matches!$G$2:$G$65,A2) -> 12 | C2: =COUNTIF(IPL_Matches!$J$2:$J$65,A2) -> 5
A3: Chennai Super Kings | B3: =COUNTIF(IPL_Matches!$F$2:$F$65,A3)+COUNTIF(IPL_Matches!$G$2:$G$65,A3) -> 21 | C3: =COUNTIF(IPL_Matches!$J$2:$J$65,A3) -> 11
A4: Kolkata Knight Riders | B4: =COUNTIF(IPL_Matches!$F$2:$F$65,A4)+COUNTIF(IPL_Matches!$G$2:$G$65,A4) -> 14 | C4: =COUNTIF(IPL_Matches!$J$2:$J$65,A4) -> 7
A5: Rajasthan Royals | B5: =COUNTIF(IPL_Matches!$F$2:$F$65,A5)+COUNTIF(IPL_Matches!$G$2:$G$65,A5) -> 15 | C5: =COUNTIF(IPL_Matches!$J$2:$J$65,A5) -> 6
A6: Royal Challengers Bengaluru | B6: =COUNTIF(IPL_Matches!$F$2:$F$65,A6)+COUNTIF(IPL_Matches!$G$2:$G$65,A6) -> 16 | C6: =COUNTIF(IPL_Matches!$J$2:$J$65,A6) -> 4
A7: Sunrisers Hyderabad | B7: =COUNTIF(IPL_Matches!$F$2:$F$65,A7)+COUNTIF(IPL_Matches!$G$2:$G$65,A7) -> 16 | C7: =COUNTIF(IPL_Matches!$J$2:$J$65,A7) -> 10
A8: Delhi Capitals | B8: =COUNTIF(IPL_Matches!$F$2:$F$65,A8)+COUNTIF(IPL_Matches!$G$2:$G$65,A8) -> 17 | C8: =COUNTIF(IPL_Matches!$J$2:$J$65,A8) -> 10
A9: Punjab Kings | B9: 17 | C9: 11

Sheet Pivot_Team_Wins
A1: Team | B1: Total Wins
A2: Mumbai Indians | B2: =COUNTIF(IPL_Matches!$J$2:$J$65,A2) -> 5
A3: Chennai Super Kings | B3: =COUNTIF(IPL_Matches!$J$2:$J$65,A3) -> 11
A4: Kolkata Knight Riders | B4: =COUNTIF(IPL_Matches!$J$2:$J$65,A4) -> 7
A5: Rajasthan Royals | B5: =COUNTIF(IPL_Matches!$J$2:$J$65,A5) -> 6
A6: Royal Challengers Bengaluru | B6: =COUNTIF(IPL_Matches!$J$2:$J$65,A6) -> 4
A7: Sunrisers Hyderabad | B7: =COUNTIF(IPL_Matches!$J$2:$J$65,A7) -> 10
A8: Delhi Capitals | B8: =COUNTIF(IPL_Matches!$J$2:$J$65,A8) -> 10
A9: Punjab Kings | B9: 11

Sheet Pivot_Matches_Over_Time
A1: Month | B1: Matches Played
A2: 44621 | B2: =COUNTIFS(IPL_Matches!$C$2:$C$65,YEAR(A2),IPL_Matches!$D$2:$D$65,MONTH(A2)) -> 3
A3: 44652 | B3: =COUNTIFS(IPL_Matches!$C$2:$C$65,YEAR(A3),IPL_Matches!$D$2:$D$65,MONTH(A3)) -> 7
A4: 44682 | B4: =COUNTIFS(IPL_Matches!$C$2:$C$65,YEAR(A4),IPL_Matches!$D$2:$D$65,MONTH(A4)) -> 6
A5: 44986 | B5: =COUNTIFS(IPL_Matches!$C$2:$C$65,YEAR(A5),IPL_Matches!$D$2:$D$65,MONTH(A5)) -> 3
A6: 45017 | B6: =COUNTIFS(IPL_Matches!$C$2:$C$65,YEAR(A6),IPL_Matches!$D$2:$D$65,MONTH(A6)) -> 8
A7: 45047 | B7: =COUNTIFS(IPL_Matches!$C$2:$C$65,YEAR(A7),IPL_Matches!$D$2:$D$65,MONTH(A7)) -> 5
A8: 45352 | B8: =COUNTIFS(IPL_Matches!$C$2:$C$65,YEAR(A8),IPL_Matches!$D$2:$D$65,MONTH(A8)) -> 3
A9: 45383 | B9: =COUNTIFS(IPL_Matches!$C$2:$C$65,YEAR(A9),IPL_Matches!$D$2:$D$65,MONTH(A9)) -> 8
A10: 45413 | B10: =COUNTIFS(IPL_Matches!$C$2:$C$65,YEAR(A10),IPL_Matches!$D$2:$D$65,MONTH(A10)) -> 5
A11: 45717 | B11: =COUNTIFS(IPL_Matches!$C$2:$C$65,YEAR(A11),IPL_Matches!$D$2:$D$65,MONTH(A11)) -> 3
A12: 45748 | B12: =COUNTIFS(IPL_Matches!$C$2:$C$65,YEAR(A12),IPL_Matches!$D$2:$D$65,MONTH(A12)) -> 7
A13: 45778 | B13: 6

Sheet Year_Team_Wins
A1: Year | B1: Mumbai Indians | C1: Chennai Super Kings | D1: Kolkata Knight Riders | E1: Rajasthan Royals | F1: Royal Challengers Bengaluru | G1: Sunrisers Hyderabad | H1: Delhi Capitals | I1: Punjab Kings | J1: Top Team | K1: Top Wins
A2: 2022 | B2: =COUNTIFS(IPL_Matches!$J$2:$J$65,"Mumbai Indians",IPL_Matches!$C$2:$C$65,A2) -> 1 | C2: =COUNTIFS(IPL_Matches!$J$2:$J$65,"Chennai Super Kings",IPL_Matches!$C$2:$C$65,A2) -> 2 | D2: =COUNTIFS(IPL_Matches!$J$2:$J$65,"Kolkata Knight Riders",IPL_Matches!$C$2:$C$65,A2) -> 2 | E2: =COUNTIFS(IPL_Matches!$J$2:$J$65,"Rajasthan Royals",IPL_Matches!$C$2:$C$65,A2) -> 2 | F2: =COUNTIFS(IPL_Matches!$J$2:$J$65,"Royal Challengers Bengaluru",IPL_Matches!$C$2:$C$65,A2) -> 1 | G2: =COUNTIFS(IPL_Matches!$J$2:$J$65,"Sunrisers Hyderabad",IPL_Matches!$C$2:$C$65,A2) -> 1 | H2: =COUNTIFS(IPL_Matches!$J$2:$J$65,"Delhi Capitals",IPL_Matches!$C$2:$C$65,A2) -> 1 | I2: =COUNTIFS(IPL_Matches!$J$2:$J$65,"Punjab Kings",IPL_Matches!$C$2:$C$65,A2) -> 6 | J2: Punjab Kings | K2: =MAX(B2:I2) -> 6
A3: 2023 | B3: =COUNTIFS(IPL_Matches!$J$2:$J$65,"Mumbai Indians",IPL_Matches!$C$2:$C$65,A3) -> 2 | C3: =COUNTIFS(IPL_Matches!$J$2:$J$65,"Chennai Super Kings",IPL_Matches!$C$2:$C$65,A3) -> 4 | D3: =COUNTIFS(IPL_Matches!$J$2:$J$65,"Kolkata Knight Riders",IPL_Matches!$C$2:$C$65,A3) -> 2 | E3: =COUNTIFS(IPL_Matches!$J$2:$J$65,"Rajasthan Royals",IPL_Matches!$C$2:$C$65,A3) -> 0 | F3: =COUNTIFS(IPL_Matches!$J$2:$J$65,"Royal Challengers Bengaluru",IPL_Matches!$C$2:$C$65,A3) -> 1 | G3: =COUNTIFS(IPL_Matches!$J$2:$J$65,"Sunrisers Hyderabad",IPL_Matches!$C$2:$C$65,A3) -> 2 | H3: =COUNTIFS(IPL_Matches!$J$2:$J$65,"Delhi Capitals",IPL_Matches!$C$2:$C$65,A3) -> 4 | I3: =COUNTIFS(IPL_Matches!$J$2:$J$65,"Punjab Kings",IPL_Matches!$C$2:$C$65,A3) -> 1 | J3: Chennai Super Kings, Delhi Capitals | K3: =MAX(B3:I3) -> 4
A4: 2024 | B4: =COUNTIFS(IPL_Matches!$J$2:$J$65,"Mumbai Indians",IPL_Matches!$C$2:$C$65,A4) -> 2 | C4: =COUNTIFS(IPL_Matches!$J$2:$J$65,"Chennai Super Kings",IPL_Matches!$C$2:$C$65,A4) -> 4 | D4: =COUNTIFS(IPL_Matches!$J$2:$J$65,"Kolkata Knight Riders",IPL_Matches!$C$2:$C$65,A4) -> 2 | E4: =COUNTIFS(IPL_Matches!$J$2:$J$65,"Rajasthan Royals",IPL_Matches!$C$2:$C$65,A4) -> 1 | F4: =COUNTIFS(IPL_Matches!$J$2:$J$65,"Royal Challengers Bengaluru",IPL_Matches!$C$2:$C$65,A4) -> 1 | G4: =COUNTIFS(IPL_Matches!$J$2:$J$65,"Sunrisers Hyderabad",IPL_Matches!$C$2:$C$65,A4) -> 3 | H4: =COUNTIFS(IPL_Matches!$J$2:$J$65,"Delhi Capitals",IPL_Matches!$C$2:$C$65,A4) -> 1 | I4: =COUNTIFS(IPL_Matches!$J$2:$J$65,"Punjab Kings",IPL_Matches!$C$2:$C$65,A4) -> 2 | J4: Chennai Super Kings | K4: =MAX(B4:I4) -> 4
A5: 2025 | B5: =COUNTIFS(IPL_Matches!$J$2:$J$65,"Mumbai Indians",IPL_Matches!$C$2:$C$65,A5) -> 0 | C5: =COUNTIFS(IPL_Matches!$J$2:$J$65,"Chennai Super Kings",IPL_Matches!$C$2:$C$65,A5) -> 1 | D5: =COUNTIFS(IPL_Matches!$J$2:$J$65,"Kolkata Knight Riders",IPL_Matches!$C$2:$C$65,A5) -> 1 | E5: =COUNTIFS(IPL_Matches!$J$2:$J$65,"Rajasthan Royals",IPL_Matches!$C$2:$C$65,A5) -> 3 | F5: =COUNTIFS(IPL_Matches!$J$2:$J$65,"Royal Challengers Bengaluru",IPL_Matches!$C$2:$C$65,A5) -> 1 | G5: =COUNTIFS(IPL_Matches!$J$2:$J$65,"Sunrisers Hyderabad",IPL_Matches!$C$2:$C$65,A5) -> 4 | H5: =COUNTIFS(IPL_Matches!$J$2:$J$65,"Delhi Capitals",IPL_Matches!$C$2:$C$65,A5) -> 4 | I5: =COUNTIFS(IPL_Matches!$J$2:$J$65,"Punjab Kings",IPL_Matches!$C$2:$C$65,A5) -> 2 | J5: Sunrisers Hyderabad, Delhi Capitals | K5: =MAX(B5:I5) -> 4

Sheet Venue_Summary
A1: Venue | B1: Matches
A2: Wankhede Stadium | B2: =COUNTIF(IPL_Matches!$H$2:$H$65,A2) -> 7
A3: M. Chinnaswamy Stadium | B3: =COUNTIF(IPL_Matches!$H$2:$H$65,A3) -> 3
A4: Eden Gardens | B4: =COUNTIF(IPL_Matches!$H$2:$H$65,A4) -> 8
A5: MA Chidambaram Stadium | B5: =COUNTIF(IPL_Matches!$H$2:$H$65,A5) -> 4
A6: Sawai Mansingh Stadium | B6: =COUNTIF(IPL_Matches!$H$2:$H$65,A6) -> 5
A7: Rajiv Gandhi Stadium | B7: =COUNTIF(IPL_Matches!$H$2:$H$65,A7) -> 11
A8: Arun Jaitley Stadium | B8: =COUNTIF(IPL_Matches!$H$2:$H$65,A8) -> 8
A9: Narendra Modi Stadium | B9: 18

Sheet Slicer_Timeline_Setup
A1: Interactive Control | B1: Field | C1: Use
A2: Venue Slicer | B2: Venue | C2: Filter both dashboard PivotTables/Charts by stadium.
A3: Timeline | B3: Match Date | C3: Filter both dashboard PivotTables/Charts by season/month.
A4: Report Connections | B4: Venue + Match Date | C4: Connect the same slicer/timeline to both PivotTables.
A5: Desktop Excel | B5: Insert → Slicer / Timeline | C5: Native interactive controls must be inserted in desktop Excel.

Sheet PivotChart_Slicer_HowTo
A1: HOW TO BUILD THE LIVE PIVOTTABLES, SLICER & TIMELINE
A2: PivotTables, PivotCharts, Slicers and Timelines are interactive objects created by Excel's own engine and cannot be pre-embedded into a file. The Pivot_* sheets are now formula-driven off IPL_Matches, so you can build the live versions and check your numbers against them.
A4: 1 | B4: Select any cell in IPL_Matches (A1:L65) -> Insert -> PivotTable -> New Worksheet.
A5: 2 | B5: Drag "Team 1"/"Team 2" or "Winner" to Rows and "Match ID" to Values (Count) to reproduce Pivot_Team_Matches.
A6: 3 | B6: For Total Wins by team, drag "Winner" to Rows and "Match ID" to Values (Count) - matches Pivot_Team_Wins.
A7: 4 | B7: Select the PivotTable -> Insert -> PivotChart -> Bar Chart for the Total Wins by Team chart.
A8: 5 | B8: With the PivotTable selected: Insert -> Slicer -> tick "Venue". Insert -> Timeline -> tick "Match Date".
A9: 6 | B9: Build a second PivotTable (Match ID count by Month) for Matches Played Over Time, then Insert -> PivotChart -> Line.
A10: 7 | B10: Right-click each Slicer/Timeline -> Report Connections -> tick both PivotTables so one filter drives both charts.
A11: 8 | B11: Compare your PivotTable totals to Pivot_Team_Matches, Pivot_Team_Wins, Pivot_Matches_Over_Time and Venue_Summary.
