Workbook

Sheet Instructions
A1: SESSION 18 – Power Query (Merging & Appending)
A2: Task | B2: What to do
A3: Task 1 | B3: Merge T1_Orders with T1_Restaurants using RestaurantID. Expand Name and City.
A4: Task 2 | B4: Append T2_LastMonth and T2_ThisMonth into one table.
A5: Task 3 | B5: Append T3_Flipkart and T3_Myntra. Notice null Discount values for Flipkart rows.
A6: Task 4 | B6: Replace null Restaurant Name with Unknown and null Order Amount with 0.
A7: Note | B7: Result sheets are included so you can compare your Power Query output.

Sheet T1_Restaurants
A1: RestaurantID | B1: Name | C1: City
A2: R001 | B2: Spice Hub | C2: Rajkot
A3: R002 | B3: Food Palace | C3: Ahmedabad
A4: R003 | B4: Pizza Corner | C4: Surat

Sheet T1_Orders
A1: OrderID | B1: RestaurantID | C1: OrderAmount
A2: O101 | B2: R001 | C2: 450
A3: O102 | B3: R003 | C3: 620
A4: O103 | B4: R002 | C4: 300
A5: O104 | B5: R001 | C5: 550

Sheet T1_Merged_Result
A1: OrderID | B1: RestaurantID | C1: OrderAmount | D1: Name | E1: City
A2: =T1_Orders!A2 -> O101 | B2: =T1_Orders!B2 -> R001 | C2: =T1_Orders!C2 -> 450 | D2: =IFERROR(INDEX(T1_Restaurants!$B$2:$B$4,MATCH(B2,T1_Restaurants!$A$2:$A$4,0)),"Not Found") -> Spice Hub | E2: =IFERROR(INDEX(T1_Restaurants!$C$2:$C$4,MATCH(B2,T1_Restaurants!$A$2:$A$4,0)),"Not Found") -> Rajkot
A3: =T1_Orders!A3 -> O102 | B3: =T1_Orders!B3 -> R003 | C3: =T1_Orders!C3 -> 620 | D3: =IFERROR(INDEX(T1_Restaurants!$B$2:$B$4,MATCH(B3,T1_Restaurants!$A$2:$A$4,0)),"Not Found") -> Pizza Corner | E3: =IFERROR(INDEX(T1_Restaurants!$C$2:$C$4,MATCH(B3,T1_Restaurants!$A$2:$A$4,0)),"Not Found") -> Surat
A4: =T1_Orders!A4 -> O103 | B4: =T1_Orders!B4 -> R002 | C4: =T1_Orders!C4 -> 300 | D4: =IFERROR(INDEX(T1_Restaurants!$B$2:$B$4,MATCH(B4,T1_Restaurants!$A$2:$A$4,0)),"Not Found") -> Food Palace | E4: =IFERROR(INDEX(T1_Restaurants!$C$2:$C$4,MATCH(B4,T1_Restaurants!$A$2:$A$4,0)),"Not Found") -> Ahmedabad
A5: =T1_Orders!A5 -> O104 | B5: =T1_Orders!B5 -> R001 | C5: =T1_Orders!C5 -> 550 | D5: =IFERROR(INDEX(T1_Restaurants!$B$2:$B$4,MATCH(B5,T1_Restaurants!$A$2:$A$4,0)),"Not Found") -> Spice Hub | E5: =IFERROR(INDEX(T1_Restaurants!$C$2:$C$4,MATCH(B5,T1_Restaurants!$A$2:$A$4,0)),"Not Found") -> Rajkot

Sheet T2_LastMonth
A1: OrderID | B1: UserID | C1: Amount | D1: Date
A2: O001 | B2: U101 | C2: 450 | D2: 01-07-2026
A3: O002 | B3: U102 | C3: 600 | D3: 05-07-2026
A4: O003 | B4: U103 | C4: 300 | D4: 10-07-2026

Sheet T2_ThisMonth
A1: OrderID | B1: UserID | C1: Amount | D1: Date
A2: O004 | B2: U104 | C2: 700 | D2: 02-08-2026
A3: O005 | B3: U105 | C3: 500 | D3: 04-08-2026
A4: O006 | B4: U101 | C4: 350 | D4: 06-08-2026

Sheet T2_Appended_Result
A1: OrderID | B1: UserID | C1: Amount | D1: Date
A2: =T2_LastMonth!A2 -> O001 | B2: =T2_LastMonth!B2 -> U101 | C2: =T2_LastMonth!C2 -> 450 | D2: =T2_LastMonth!D2 -> 01-07-2026
A3: =T2_LastMonth!A3 -> O002 | B3: =T2_LastMonth!B3 -> U102 | C3: =T2_LastMonth!C3 -> 600 | D3: =T2_LastMonth!D3 -> 05-07-2026
A4: =T2_LastMonth!A4 -> O003 | B4: =T2_LastMonth!B4 -> U103 | C4: =T2_LastMonth!C4 -> 300 | D4: =T2_LastMonth!D4 -> 10-07-2026
A5: =T2_ThisMonth!A2 -> O004 | B5: =T2_ThisMonth!B2 -> U104 | C5: =T2_ThisMonth!C2 -> 700 | D5: =T2_ThisMonth!D2 -> 02-08-2026
A6: =T2_ThisMonth!A3 -> O005 | B6: =T2_ThisMonth!B3 -> U105 | C6: =T2_ThisMonth!C3 -> 500 | D6: =T2_ThisMonth!D3 -> 04-08-2026
A7: =T2_ThisMonth!A4 -> O006 | B7: =T2_ThisMonth!B4 -> U101 | C7: =T2_ThisMonth!C4 -> 350 | D7: =T2_ThisMonth!D4 -> 06-08-2026

Sheet T3_Flipkart
A1: ProductID | B1: Name | C1: Category | D1: Price
A2: F001 | B2: Shirt | C2: Clothing | D2: 999
A3: F002 | B3: Shoes | C3: Footwear | D3: 1999
A4: F003 | B4: Jeans | C4: Clothing | D4: 1499

Sheet T3_Myntra
A1: ProductID | B1: Name | C1: Category | D1: Price | E1: Discount
A2: M001 | B2: T-Shirt | C2: Clothing | D2: 799 | E2: 10%
A3: M002 | B3: Sneakers | C3: Footwear | D3: 2499 | E3: 15%
A4: M003 | B4: Jacket | C4: Clothing | D4: 2999 | E4: 20%

Sheet T3_Appended_Result
A1: ProductID | B1: Name | C1: Category | D1: Price | E1: Discount
A2: =T3_Flipkart!A2 -> F001 | B2: =T3_Flipkart!B2 -> Shirt | C2: =T3_Flipkart!C2 -> Clothing | D2: =T3_Flipkart!D2 -> 999
A3: =T3_Flipkart!A3 -> F002 | B3: =T3_Flipkart!B3 -> Shoes | C3: =T3_Flipkart!C3 -> Footwear | D3: =T3_Flipkart!D3 -> 1999
A4: =T3_Flipkart!A4 -> F003 | B4: =T3_Flipkart!B4 -> Jeans | C4: =T3_Flipkart!C4 -> Clothing | D4: =T3_Flipkart!D4 -> 1499 | E4: =T3_Myntra!E1 -> Discount
A5: =T3_Myntra!A2 -> M001 | B5: =T3_Myntra!B2 -> T-Shirt | C5: =T3_Myntra!C2 -> Clothing | D5: =T3_Myntra!D2 -> 799 | E5: =T3_Myntra!E2 -> 10%
A6: =T3_Myntra!A3 -> M002 | B6: =T3_Myntra!B3 -> Sneakers | C6: =T3_Myntra!C3 -> Footwear | D6: =T3_Myntra!D3 -> 2499 | E6: =T3_Myntra!E3 -> 15%
A7: =T3_Myntra!A4 -> M003 | B7: =T3_Myntra!B4 -> Jacket | C7: =T3_Myntra!C4 -> Clothing | D7: =T3_Myntra!D4 -> 2999 | E7: =T3_Myntra!E4 -> 20%

Sheet T4_Merged_Nulls
A1: OrderID | B1: Restaurant Name | C1: Order Amount
A2: O101 | B2: Spice Hub | C2: 450
A3: O102 | B3: Pizza Corner | C3: 620
A4: O103 | C4: 300
A5: O104 | B5: Food Palace

Sheet T4_Cleaned_Result
A1: OrderID | B1: Restaurant Name | C1: Order Amount
A2: =T4_Merged_Nulls!A2 -> O101 | B2: =IF(T4_Merged_Nulls!B2="","Unknown",T4_Merged_Nulls!B2) -> Spice Hub | C2: =IF(T4_Merged_Nulls!C2="",0,T4_Merged_Nulls!C2) -> 450
A3: =T4_Merged_Nulls!A3 -> O102 | B3: =IF(T4_Merged_Nulls!B3="","Unknown",T4_Merged_Nulls!B3) -> Pizza Corner | C3: =IF(T4_Merged_Nulls!C3="",0,T4_Merged_Nulls!C3) -> 620
A4: =T4_Merged_Nulls!A4 -> O103 | B4: =IF(T4_Merged_Nulls!B4="","Unknown",T4_Merged_Nulls!B4) -> Unknown | C4: =IF(T4_Merged_Nulls!C4="",0,T4_Merged_Nulls!C4) -> 300
A5: =T4_Merged_Nulls!A5 -> O104 | B5: =IF(T4_Merged_Nulls!B5="","Unknown",T4_Merged_Nulls!B5) -> Food Palace | C5: =IF(T4_Merged_Nulls!C5="",0,T4_Merged_Nulls!C5) -> 0

Sheet PowerQuery_M_Code
A1: HOW TO BUILD THE LIVE POWER QUERY CONNECTIONS
A2: A file-editing tool cannot write a real, refreshable Power Query connection into an .xlsx (that only exists once Excel's own engine creates it). The formulas on the *_Result sheets now calculate live from the source tables, so they are correct today and will update if source data changes - but building the actual Power Query is a step you do inside Excel. Below is the exact M code for each task, using the real Excel Table names already defined in this workbook. Steps: Data tab -> Get Data -> Launch Power Query Editor -> New Source -> Blank Query -> Home -> Advanced Editor -> paste the code -> Done -> Close & Load.
A4: TASK 1 - Merge T1_Orders with T1_Restaurants (RestaurantID)
A5: let Orders = Excel.CurrentWorkbook(){[Name="OrdersTable"]}[Content], Restaurants = Excel.CurrentWorkbook(){[Name="RestaurantsTable"]}[Content], Merged = Table.NestedJoin(Orders, {"RestaurantID"}, Restaurants, {"RestaurantID"}, "RestaurantData", JoinKind.LeftOuter), Expanded = Table.ExpandTableColumn(Merged, "RestaurantData", {"Name", "City"}, {"Name", "City"}) in Expanded
A7: TASK 2 - Append T2_LastMonth and T2_ThisMonth
A8: let LastMonth = Excel.CurrentWorkbook(){[Name="LastMonthTable"]}[Content], ThisMonth = Excel.CurrentWorkbook(){[Name="ThisMonthTable"]}[Content], Appended = Table.Combine({LastMonth, ThisMonth}) in Appended
A10: TASK 3 - Append T3_Flipkart and T3_Myntra
A11: let Flipkart = Excel.CurrentWorkbook(){[Name="FlipkartTable"]}[Content], Myntra = Excel.CurrentWorkbook(){[Name="MyntraTable"]}[Content], Appended = Table.Combine({Flipkart, Myntra}) in Appended
A13: TASK 4 - Replace nulls (Restaurant Name -> Unknown, Order Amount -> 0)
A14: let Source = Excel.CurrentWorkbook(){[Name="T4NullTable"]}[Content], ReplaceName = Table.ReplaceValue(Source, null, "Unknown", Replacer.ReplaceValue, {"Restaurant Name"}), ReplaceAmount = Table.ReplaceValue(ReplaceName, null, 0, Replacer.ReplaceValue, {"Order Amount"}) in ReplaceAmount
